<?xml version="1.0"?>
<doc>
    <assembly>
        <name>Comandas.Presentation</name>
    </assembly>
    <members>
        <member name="M:Comandas.Presentation.Controllers.AuthenticationController.RegisterUser(Shared.Dtos.User.CreateUserDto)">
            <summary>
            Registra um novo usuário
            </summary>
        </member>
        <member name="M:Comandas.Presentation.Controllers.AuthenticationController.Authenticate(Shared.Dtos.User.UserForAuthenticationDto)">
            <summary>
            Cria um token para o usuário informado
            </summary>
        </member>
        <member name="M:Comandas.Presentation.Controllers.ComandasController.GetComandas">
            <summary>
            Retorna todas as comandas cadastradas
            </summary>
        </member>
        <member name="M:Comandas.Presentation.Controllers.ComandasController.GetComanda(System.Int32)">
            <summary>
            Retorna determinada comanda de acordo com o id informado
            </summary>
        </member>
        <member name="M:Comandas.Presentation.Controllers.ComandasController.CreateComanda(Shared.Dtos.Comanda.CreateComandaDto)">
            <summary>
            Cria uma nova comanda
            </summary>
        </member>
        <member name="M:Comandas.Presentation.Controllers.ComandasController.UpdateComanda(System.Int32,Shared.Dtos.Comanda.UpdateComandaDto)">
            <summary>
            Atualiza uma determinada comanda
            </summary>
        </member>
        <member name="M:Comandas.Presentation.Controllers.ComandasController.DeleteComanda(System.Int32)">
            <summary>
            Remove uma determinada comanda
            </summary>
        </member>
    </members>
</doc>
